FirstName;LastName;Passport;BirthdayDate;PhoneNumber;Bonus
Justin;Prosacco;6034875;15.07.1987 22:00:22;76206807;0
Susie;Walsh;2888290;06.02.1954 12:33:14;79977773;0
Dorothy;Boyer;736339;13.05.1962 15:20:43;74919971;0
Caroline;Schamberger;8456065;17.09.1928 07:04:02;71374180;0
Brett;Murphy;6073442;26.05.1964 01:58:54;78401782;0
Dexter;Kris;5421590;09.08.2015 07:21:59;72363453;0
Cameron;Kirlin;5865576;22.06.1954 04:14:29;70909330;0
Leroy;Johnston;4282764;31.07.1976 08:25:15;73033999;0
Ernestine;Shanahan;5244416;27.04.1956 06:21:35;76245792;0
Joann;Swaniawski;8740859;30.06.1923 00:12:28;75496264;0
Maryann;Weimann;8153675;15.08.1947 08:29:14;70480381;0
Guadalupe;Stehr;457385;03.12.1990 06:00:15;71131185;0
Robert;Christiansen;3722719;12.02.1930 20:12:25;73642190;0
Tricia;Mills;2838364;06.02.1969 18:01:33;70947732;0
Abraham;Nienow;6660153;05.07.1953 15:07:09;78109827;0
Juanita;Hegmann;2382653;22.12.1968 06:40:49;78393098;0
Muriel;Hermann;4883261;08.10.1987 04:07:15;79739901;0
Guadalupe;Bashirian;3085483;05.02.1947 20:01:22;76807366;0
Ricardo;Conroy;1864590;31.08.1950 12:01:24;75783827;0
Jane;Paucek;203745;06.12.1992 00:01:31;77858951;0
Wilbert;Bartoletti;4624642;09.05.1973 22:46:23;72062168;0
Marsha;Will;616937;30.07.1954 01:58:23;71133295;0
Stuart;Ondricka;5755894;05.04.2018 03:43:16;75165266;0
Alexandra;Carter;2436597;29.03.1969 15:22:16;77688851;0
Carol;Bechtelar;3776922;23.02.1998 04:58:15;77381181;0
Charlene;Kris;8195775;01.01.2004 23:55:31;73854991;0
Hugo;Hermiston;1391948;01.07.1987 00:57:14;76261435;0
Bill;Tremblay;5817210;15.02.1939 05:55:08;79877735;0
Stephen;Collins;4982825;09.01.1929 20:00:35;77501964;0
Archie;Dicki;5888109;04.04.1938 21:53:12;75540951;0
Janice;Grant;4833177;15.12.1981 20:46:00;74623210;0
Joseph;Stark;5841160;05.09.1957 03:44:46;78976199;0
Eduardo;Hamill;6992285;28.10.2020 17:20:41;79606824;0
Claudia;O'Hara;8167504;22.05.1964 09:52:31;72357248;0
Sadie;Price;8596393;15.07.1973 11:02:16;70534696;0
Jennie;Jast;7386479;06.09.1964 17:06:58;70664158;0
Robin;McKenzie;8731354;28.09.1985 00:12:17;77691411;0
Harvey;Rempel;9315719;27.03.1941 06:36:40;78172649;0
Bernadette;Conroy;24487;17.08.1949 12:12:32;70785138;0
Dustin;Pacocha;5707191;18.07.1945 12:42:51;77290763;0
Delia;Blick;6994841;27.01.1937 09:26:23;73050246;0
Noah;Daugherty;4255494;24.09.1990 21:51:49;73545519;0
Emmett;Lemke;8165887;20.04.1960 00:22:43;74448329;0
Timothy;Veum;6645140;01.05.1946 11:16:04;78997781;0
Ron;Kulas;4035433;23.08.1943 11:44:47;73547218;0
Roman;Waters;9622302;05.04.1953 05:59:09;74706169;0
Blanche;Gleason;5576334;05.04.2008 16:20:36;78089159;0
Josefina;Denesik;3906930;10.09.1944 13:31:47;76166304;0
Glenn;Emmerich;9252021;01.10.1945 15:12:05;75071579;0
Jody;VonRueden;4089051;07.08.1993 13:51:50;76697802;0
Kim;Gulgowski;7712807;23.12.1930 18:13:33;72189605;0
Amanda;Corkery;2949349;09.05.1931 09:41:15;76000175;0
Heather;Corwin;3260700;19.12.1963 07:13:41;77465878;0
Clark;Mills;7366926;02.02.1997 21:03:38;72993817;0
Gregg;Thiel;6820587;20.09.1926 14:33:27;74355181;0
Courtney;Pollich;7735426;07.12.2011 23:55:33;73515724;0
Leslie;McDermott;7753189;27.06.1946 14:36:22;70511681;0
Santiago;Strosin;190910;04.12.1983 00:04:18;77494106;0
Christopher;Miller;1420506;14.03.1952 17:51:29;72520282;0
Rita;Ondricka;8173440;14.11.1993 06:47:36;77175806;0
Jessie;Kertzmann;6945239;15.05.2020 00:37:38;76912079;0
Shelia;Moore;1439137;08.08.1981 07:40:22;73151959;0
Olivia;Casper;4567462;25.07.1924 07:47:02;79778690;0
Carmen;Lehner;2800039;11.10.1958 10:32:51;75128878;0
Roger;Schmitt;5230725;03.01.1961 10:09:24;70952805;0
Tracy;Kuhn;9647813;19.09.2012 21:42:20;71776634;0
Rodney;McKenzie;3044706;25.08.2020 15:18:21;78992664;0
Sophie;Kuvalis;8433200;10.12.1939 03:36:39;79788692;0
Edith;Runolfsson;5951518;06.01.2022 15:23:00;70345210;0
Tamara;Kovacek;981273;30.03.1986 02:06:39;78199319;0
Maxine;Jakubowski;1107904;01.09.1948 12:33:23;78180900;0
Richard;Denesik;5514249;22.10.1945 07:23:39;79238106;0
Emilio;Shanahan;2076031;28.03.1951 22:21:26;70307643;0
Caroline;Renner;379880;30.06.1983 18:08:57;70013065;0
Diane;Kertzmann;4015362;25.07.1931 06:32:36;79198093;0
Jaime;Sipes;5674747;10.02.1932 17:15:42;76742276;0
Ralph;Bernier;253142;14.09.1944 01:42:24;74062471;0
Jeannette;Kemmer;926140;19.09.1979 17:01:43;73425874;0
Jesse;Spinka;2978159;01.06.1944 22:34:33;71233085;0
Molly;Zulauf;46849;18.12.1936 01:10:51;79253931;0
Elvira;Nienow;9296306;23.03.2006 14:10:40;77497395;0
Maurice;Gottlieb;9901422;18.10.2011 13:38:39;77975553;0
Angelo;Goyette;1234705;10.11.1976 13:13:38;76910997;0
Edgar;Howell;1959707;23.01.1934 18:52:37;78655011;0
Dolores;Ziemann;7528868;26.08.1936 09:11:23;77240293;0
Lionel;Rau;1663815;17.03.1951 20:39:28;78061422;0
Sherri;Huel;2189614;19.04.1931 07:04:59;79202634;0
Brent;Russel;3427116;30.01.1947 15:54:10;74378698;0
Harriet;Ruecker;8926682;10.10.2010 13:49:29;79838870;0
Rene;Balistreri;2906409;30.07.1938 05:28:17;76025004;0
Karen;Weber;4723227;13.02.1997 09:36:17;79394859;0
Rex;Crona;1837456;13.07.1975 15:06:09;79485713;0
Andres;DuBuque;4386736;10.03.1979 16:52:22;72363374;0
Alton;Treutel;983655;26.06.2014 06:31:26;73246618;0
Stacey;Collins;7308495;22.08.1955 21:55:46;79752043;0
Matthew;Nader;4875183;29.04.1953 16:01:18;78378436;0
Diana;Lebsack;2616248;19.09.1961 18:04:10;77510863;0
Sadie;Dickens;827005;10.11.2002 00:17:05;74688700;0
Alison;Wilderman;2929548;16.01.1970 18:15:56;74963275;0
Christy;Cassin;8308605;11.01.1923 15:50:58;70833264;0

